show_id,type,title,director,cast,country,date_added,release_year,rating,duration,listed_in,description
s1880,Movie,"Hubie Halloween","Steve Brill","Adam Sandler, Kevin James, Julie Bowen, Ray Liotta, Steve Buscemi, Maya Rudolph, Rob Schneider, June Squibb, Kenan Thompson, Tim Meadows, Michael Chiklis, Karan Brar, George Wallace, Paris Berelc, Noah Schnapp, China Anne McClain, Colin Quinn, Kym Whitley, Lavell Crawford, Mikey Day, Jackie Sandler, Sadie Sandler, Sunny Sandler","United States","October 7, 2020",2020,PG-13,"104 min","Comedies, Horror Movies","Hubie's not the most popular guy in Salem, Mass., but when Halloween turns truly spooky, this good-hearted scaredy-cat sets out to keep his town safe."
s2472,Movie,"Uncut Gems","Josh Safdie, Benny Safdie","Adam Sandler, LaKeith Stanfield, Kevin Garnett, Julia Fox, Idina Menzel, Eric Bogosian, Judd Hirsch, Abel Tesfaye","United States","May 25, 2020",2019,R,"135 min","Dramas, Thrillers","With his debts mounting and angry collectors closing in, a fast-talking New York City jeweler risks everything in hopes of staying afloat and alive."
s3754,Movie,"Murder Mystery","Kyle Newacheck","Adam Sandler, Jennifer Aniston, Luke Evans, Gemma Arterton, Adeel Akhtar, Luis Gerardo Mendez, Dany Boon, Terence Stamp","United States","June 14, 2019",2019,PG-13,"98 min",Comedies,"On a long-awaited trip to Europe, a New York City cop and his hairdresser wife scramble to solve a baffling murder aboard a billionaire's yacht."
s4483,Movie,"ADAM SANDLER 100% FRESH","Steve Brill","Adam Sandler","United States","October 23, 2018",2018,TV-MA,"74 min","Stand-Up Comedy","From "Heroes"" to ""Ice Cream Ladies"" ? Adam Sandler's comedy special hits you with new songs and jokes in an unexpected"
s4913,Movie,"The Week Of","Robert Smigel","Adam Sandler, Chris Rock, Steve Buscemi, Rachel Dratch, Allison Strong, Roland Buck III, Katie Hartman, Chloe Himmelman, Jake Lippmann, Jim Barone, June Gable","United States","April 27, 2018",2018,TV-14,"117 min",Comedies,"Two fathers with clashing views about their children's upcoming wedding struggle to keep it together during the chaotic week before the big day."
s5228,Movie,"The Meyerowitz Stories (New and Selected)","Noah Baumbach","Adam Sandler, Ben Stiller, Dustin Hoffman, Elizabeth Marvel, Grace Van Patten, Emma Thompson, Candice Bergen, Rebecca Miller, Danny Flaherty, Sakina Jaffrey, Adam David Thompson","United States","October 13, 2017",2017,TV-MA,"113 min","Comedies, Dramas, Independent Movies","Grudges and rivalries abound as three adult siblings converge in New York to contend with their prickly artist father ? and his fading legacy."
s5534,Movie,"Sandy Wexler","Steven Brill","Adam Sandler, Jennifer Hudson, Kevin James, Terry Crews, Rob Schneider, Colin Quinn, Nick Swardson, Lamorne Morris, Arsenio Hall, Jamie Gray Hyder","United States","April 14, 2017",2017,TV-14,"131 min",Comedies,"When a hapless but dedicated talent manager signs his first client who actually has talent, his career finally starts to take off."
s5847,Movie,"The Do-Over","Steven Brill","Adam Sandler, David Spade, Paula Patton, Kathryn Hahn, Nick Swardson, Catherine Bell, Michael Chiklis, Natasha Leggero, Sean Astin","United States","May 27, 2016",2016,TV-MA,"109 min","Action & Adventure, Comedies","The life of a bank manager is turned upside down when a friend from his past manipulates him into faking his own death and taking off on an adventure."
s5880,Movie,"The Ridiculous 6","Frank Coraci","Adam Sandler, Terry Crews, Jorge Garcia, Taylor Lautner, Rob Schneider, Luke Wilson, Will Forte, Steve Zahn, Harvey Keitel, Nick Nolte, Jon Lovitz, Whitney Cummings, David Spade, Danny Trejo, Nick Swardson, Blake Shelton, Vanilla Ice, Julia Jones, Saginaw Grant, Lavell Crawford, Steve Buscemi","United States","December 11, 2015",2015,TV-14,"120 min","Action & Adventure, Comedies","When his outlaw dad is kidnapped, Tommy ?White Knife? Stockburn sets off across the West on a rescue mission with five brothers he never knew he had."
s7009,Movie,"Hotel Transylvania 3: Summer Vacation","Genndy Tartakovsky","Adam Sandler, Selena Gomez, Kevin James, Kathryn Hahn, Andy Samberg, David Spade, Steve Buscemi, Fran Drescher, Molly Shannon, Mel Brooks, Keegan-Michael Key","United States","January 24, 2019",2018,PG,"97 min","Children & Family Movies, Comedies","It's love at first sight for Dracula when he meets Ericka, the charming but mysterious captain of the monster cruise that Mavis plans for the family."
