genre,director,total_works
"Children & Family Movies","Rajiv Chilaka",22
"Stand-Up Comedy","Raul Campos",18
"Action & Adventure","Don Michael Paul",9
Comedies,"Hakan Algul",8
Dramas,"Hanung Bramantyo",8
"Classic Movies","Youssef Chahine",7
Documentaries,"Vlad Yudin",6
"Horror Movies","Rocky Soraya",6
"Anime Features","Yoshikazu Yasuhiko",3
"British TV Shows","Alastair Fothergill",3
"Sports Movies","Adam Carolla",3
Docuseries,"Ken Burns",3
"Sci-Fi & Fantasy","Lana Wachowski",3
"International Movies","Theodore Boborol",3
Movies,"Louis C.K.",3
Thrillers,"Chris Stokes",2
"Stand-Up Comedy & Talk Shows","Stan Lathan",2
"Music & Musicals","Akiva Schaffer",2
"International TV Shows","Jung-ah Im",2
"Kids' TV","Iginio Straffi",2
"LGBTQ Movies","Alexander Smith",1
"Korean TV Shows","Yim Pilsung",1
"Independent Movies","Kubilay Sarikaya",1
"Reality TV","Michael Simon",1
"Romantic Movies","Justin G. Dyck",1
"Romantic TV Shows","Chen Rong-hui",1
"Faith & Spirituality","Galley Molina",1
"Spanish-Language TV Shows","Jaime Rayo",1
"Cult Movies","Doug McHenry",1
"Crime TV Shows","Tiller Russell",1
"Classic & Cult TV","Sunny Lau",1
"Anime Series","Tensai Okamura",1
"TV Action & Adventure","Jesse Warn",1
"TV Comedies","Norm Hiscock",1
"TV Dramas","Chen Hung-yi",1
"TV Horror","Eli Roth",1
"TV Mysteries","Abhishek Chaubey",1
"TV Shows","Joe Berlinger",1
"TV Thrillers","Weica Wang",1
