release_year,country,total_content,rnk
2000,"United States",18,1
2000,India,7,2
2000,"United States, Canada",2,3
2001,"United States",23,1
2001,India,7,2
2001,Japan,2,3
2001,"United Kingdom",2,3
2002,"United States",16,1
2002,India,10,2
2002,Japan,3,3
2003,"United States",22,1
2003,India,12,2
2003,Japan,4,3
2004,"United States",17,1
2004,India,15,2
2004,Japan,3,3
2005,"United States",25,1
2005,India,20,2
2005,Turkey,3,3
2006,"United States",31,1
2006,India,20,2
2006,Japan,5,3
2006,Egypt,5,3
2007,"United States",33,1
2007,India,16,2
2007,"United States, United Kingdom",4,3
2008,"United States",45,1
2008,India,25,2
2008,Japan,10,3
2009,"United States",42,1
2009,India,28,2
2009,Taiwan,6,3
2010,"United States",53,1
2010,India,35,2
2010,Japan,7,3
2011,"United States",56,1
2011,India,30,2
2011,"United Kingdom",9,3
2012,"United States",70,1
2012,India,38,2
2012,"South Korea",11,3
2013,"United States",85,1
2013,India,54,2
2013,"United Kingdom",15,3
2014,"United States",94,1
2014,India,51,2
2014,"United Kingdom",24,3
2015,"United States",144,1
2015,India,62,2
2015,"United Kingdom",36,3
2016,"United States",262,1
2016,India,73,2
2016,"United Kingdom",62,3
2017,"United States",350,1
2017,India,101,2
2017,"United Kingdom",66,3
2018,"United States",355,1
2018,India,94,2
2018,"United Kingdom",55,3
2019,"United States",349,1
2019,India,87,2
2019,"United Kingdom",37,3
2020,"United States",336,1
2020,India,75,2
2020,"United Kingdom",44,3
2021,"United States",137,1
2021,India,31,2
2021,"United Kingdom",22,3
