genre,total_content
"International Movies",2748
Dramas,2419
Comedies,1670
"International TV Shows",1350
Documentaries,867
"Action & Adventure",857
"TV Dramas",762
"Independent Movies",751
"Children & Family Movies",641
"Romantic Movies",616
"TV Comedies",580
Thrillers,573
"Crime TV Shows",469
"Kids' TV",451
Docuseries,395
"Music & Musicals",373
"Romantic TV Shows",370
"Horror Movies",357
"Stand-Up Comedy",343
"Reality TV",254
"British TV Shows",253
"Sci-Fi & Fantasy",243
"Sports Movies",218
"Anime Series",176
"Spanish-Language TV Shows",174
"TV Action & Adventure",168
"Korean TV Shows",151
"Classic Movies",115
"LGBTQ Movies",100
"TV Mysteries",98
"Science & Nature TV",92
"TV Sci-Fi & Fantasy",84
"TV Horror",75
"Cult Movies",71
"Anime Features",71
"Teen TV Shows",69
"Faith & Spirituality",65
"TV Thrillers",57
"Stand-Up Comedy & Talk Shows",56
Movies,56
"Classic & Cult TV",28
"TV Shows",16
