show_id,type,title,director,cast,country,date_added,release_year,rating,duration,listed_in,description
s9,"TV Show","The Great British Baking Show","Andy Devonshire","Mel Giedroyc, Sue Perkins, Mary Berry, Paul Hollywood","United Kingdom","September 24, 2021",2021,TV-14,"9 Seasons","British TV Shows, Reality TV","A talented batch of amateur bakers face off in a 10-week competition, whipping up their best dishes in the hopes of being named the U.K.'s best."
s56,"TV Show","Nailed It",,"Nicole Byer, Jacques Torres","United States","September 15, 2021",2021,TV-PG,"6 Seasons","Reality TV","Home bakers with a terrible track record take a crack at re-creating edible masterpieces for a $10,000 prize. It's part reality contest, part hot mess."
s66,"TV Show",Numberblocks,,"Beth Chalmers, David Holt, Marcel McCalla, Teresa Gallagher","United Kingdom","September 15, 2021",2021,TV-Y,"6 Seasons","Kids' TV","In a place called Numberland, math adds up to tons of fun when a group of cheerful blocks work, play and sing together."
s68,"TV Show","Saved by the Bell",,"Mark-Paul Gosselaar, Tiffani Thiessen, Mario Lopez, Lark Voorhies, Elizabeth Berkley, Dustin Diamond, Dennis Haskins","United States","September 15, 2021",1994,TV-PG,"9 Seasons","Kids' TV, TV Comedies","From middle school to college, best friends Zack, Kelly, Slater, Jessie, Screech and Lisa take on the highs and lows of life together in this hit series."
s83,"TV Show",Lucifer,,"Tom Ellis, Lauren German, Kevin Alejandro, D.B. Woodside, Lesley-Ann Brandt, Scarlett Estevez, Rachael Harris, Aimee Garcia, Tricia Helfer, Tom Welling, Jeremiah W. Birkett, Pej Vahdat, Michael Gladis","United States","September 10, 2021",2021,TV-14,"6 Seasons","Crime TV Shows, TV Comedies, TV Dramas","Bored with being the Lord of Hell, the devil relocates to Los Angeles, where he opens a nightclub and forms a connection with a homicide detective."
s275,"TV Show","Grace and Frankie",,"Jane Fonda, Lily Tomlin, Martin Sheen, Sam Waterston, June Diane Raphael, Brooklyn Decker, Ethan Embry, Baron Vaughn","United States","August 13, 2021",2021,TV-MA,"7 Seasons","TV Comedies, TV Dramas","They?re not friends, but when their husbands leave them for each other, proper Grace and eccentric Frankie begin to bond in this Emmy-nominated series."
s324,"TV Show","30 Rock",,"Tina Fey, Alec Baldwin, Tracy Morgan, Jane Krakowski, Jack McBrayer, Scott Adsit, Judah Friedlander, Katrina Bowden, Keith Powell, Lonny Ross, John Lutz, Kevin Brown, Grizz Chapman, Maulik Pancholy","United States","August 1, 2021",2012,TV-14,"7 Seasons","TV Comedies","Liz Lemon juggles the demands of running an NBC sketch comedy show with trying to fix her disaster of a personal life and eating her night cheese."
s339,"TV Show","Hunter X Hunter (2011)",,"Megumi Han, Mariya Ise, Keiji Fujiwara, Miyuki Sawashiro, Daisuke Namikawa",Japan,"August 1, 2021",2014,TV-14,"6 Seasons","Anime Series, International TV Shows","To fulfill his dreams of becoming a legendary Hunter like his dad, a young boy must pass a rigorous examination and find his missing father."
s381,"TV Show","The Flash","Glen Winter","Grant Gustin, Candice Patton, Danielle Panabaker, Carlos Valdes, Tom Cavanagh, Jesse L. Martin, Neil Sandilands, Britne Oldford, Danielle Nicolet, Keiynan Lonsdale, Kim Engelbrecht","United States","July 28, 2021",2021,TV-14,"7 Seasons","Crime TV Shows, TV Action & Adventure, TV Sci-Fi & Fantasy","A forensics expert who wakes from a coma with amazing new powers squares off against forces threatening the city in this live-action superhero romp."
s391,"TV Show","The Walking Dead",,"Andrew Lincoln, Steven Yeun, Norman Reedus, Chandler Riggs, Melissa McBride, Lauren Cohan, Danai Gurira, Alanna Masterson, Sonequa Martin-Green, Josh McDermitt, Christian Serratos, Seth Gilliam, Ross Marquand, Lennie James, Emily Kinney, Jon Bernthal","United States","July 26, 2021",2019,TV-MA,"10 Seasons","Classic & Cult TV, TV Action & Adventure, TV Dramas","In the wake of a zombie apocalypse, survivors hold on to the hope of humanity by banding together to wage a fight for their own survival."
s526,"TV Show","My Little Pony: Friendship Is Magic",,"Ashleigh Ball, Tabitha St. Germain, Tara Strong, Andrea Libman, Cathy Weseluck, Nicole Oliver","United States, Canada","July 6, 2021",2018,TV-Y,"8 Seasons","Kids' TV","Journey to the enchanted land of Equestria, where unicorn Twilight Sparkle and her pals have adventures and learn valuable lessons about friendship."
s527,"TV Show","Orange Is the New Black",,"Taylor Schilling, Kate Mulgrew, Laura Prepon, Jason Biggs, Natasha Lyonne, Michael Harney, Uzo Aduba, Danielle Brooks, Samira Wiley, Dascha Polanco, Selenis Leyva, Nick Sandow, Yael Stone, Taryn Manning, Lea DeLaria, Matt McGorry, Emma Myles, Vicky Jeudy, Laverne Cox, Pablo Schreiber, Lori Petty, Ruby Rose, Adrienne C. Moore, Jackie Cruz, Elizabeth Rodriguez","United States","July 6, 2021",2019,TV-MA,"7 Seasons","TV Comedies, TV Dramas","A privileged New Yorker ends up in a women's prison when a past crime catches up with her in this Emmy-winning series from the creator of "Weeds.""""
s538,"TV Show","Terrace House: Opening New Doors",,"You, Reina Triendl, Yoshimi Tokui, Azusa Babazono, Ryota Yamasato, Shono Hayama",Japan,"July 6, 2021",2018,TV-14,"6 Seasons","International TV Shows, Reality TV","A group of young people ? including a chef, a snowboarder and an ice hockey player ? gather in the Karuizawa woods while pursuing their dreams."
s549,"TV Show","Grey's Anatomy",,"Ellen Pompeo, Sandra Oh, Katherine Heigl, Justin Chambers, Patrick Dempsey, Chandra Wilson, T.R. Knight, James Pickens Jr., Isaiah Washington, Sara Ramirez, Eric Dane, Chyler Leigh, Kate Walsh, Kevin McKidd, Jessica Capshaw","United States","July 3, 2021",2020,TV-14,"17 Seasons","Romantic TV Shows, TV Dramas","Intern (and eventual resident) Meredith Grey finds herself caught up in personal and professional passions with fellow doctors at a Seattle hospital."
s668,"TV Show",Glee,,"Lea Michele, Chris Colfer, Jane Lynch, Matthew Morrison, Cory Monteith, Naya Rivera, Kevin McHale, Jenna Ushkowitz, Amber Riley, Mark Salling, Heather Morris, Harry Shum Jr., Jayma Mays, Dianna Agron","United States","June 19, 2021",2015,TV-14,"6 Seasons","TV Comedies, TV Dramas, Teen TV Shows","Amid relationship woes and personal attacks from a wicked cheerleading coach, a teacher fights to turn underdog glee club members into winners."
s678,"TV Show","Schitt's Creek",,"Eugene Levy, Catherine O'Hara, Daniel Levy, Annie Murphy, Chris Elliott, Jennifer Robertson, Emily Hampshire, Tim Rozon, Sarah Levy, Dustin Milligan","Canada, United States","June 19, 2021",2020,TV-MA,"6 Seasons","TV Comedies","Suddenly broke, the formerly filthy-rich Rose family is reduced to living in a ramshackle motel in a town they once bought as a joke: Schitt's Creek."
s790,"TV Show","Downton Abbey",,"Hugh Bonneville, Jessica Brown Findlay, Samantha Bond, Laura Carmichael, Jim Carter, Raquel Cassidy, Brendan Coyle, Tom Cullen, Michelle Dockery, Kevin Doyle, Siobhan Finneran, Michael Fox, Joanne Froggatt, Matthew Goode, Harry Hadden-Paton, Thomas Howes, Lily James, Rob James-Collier, Rose Leslie, Phyllis Logan, Elizabeth McGovern, Sophie McShera, Lesley Nicol, Maggie Smith, Penelope Wilton","United Kingdom","June 2, 2021",2015,TV-14,"6 Seasons","British TV Shows, International TV Shows, TV Dramas","Exposing the snobbery and machinations of a vanishing class system, this series chronicles events in the lives of the Crawley family and their servants."
s1044,"TV Show","Gilmore Girls",,"Lauren Graham, Alexis Bledel, Scott Patterson, Keiko Agena, Yanic Truesdale, Kelly Bishop, Edward Herrmann, Melissa McCarthy, Sean Gunn, Liza Weil, Liz Torres, Jared Padalecki","United States","April 15, 2021",2006,TV-14,"7 Seasons","Romantic TV Shows, TV Comedies, TV Dramas","Fiercely independent single mom Lorelai raises gifted, Ivy League-bound daughter Rory amid a continual stream of quick-witted repartee."
s1060,"TV Show","House of Cards",,"Kevin Spacey, Robin Wright, Kate Mara, Corey Stoll, Sakina Jaffrey, Kristen Connolly, Constance Zimmer, Sebastian Arcelus, Nathan Darrow, Sandrine Holt, Michel Gill, Elizabeth Norment, Mahershala Ali, Reg E. Cathey, Molly Parker, Derek Cecil, Elizabeth Marvel, Kim Dickens, Lars Mikkelsen, Michael Kelly, Joel Kinnaman, Campbell Scott, Patricia Clarkson, Neve Campbell","United States","April 14, 2021",2018,TV-MA,"6 Seasons","TV Dramas, TV Thrillers","A ruthless politician will stop at nothing to conquer Washington, D.C., in this Emmy and Golden Globe-winning political drama."
s1174,"TV Show","Men on a Mission","Jung-ah Im","Ho-dong Kang, Soo-geun Lee, Sang-min Lee, Young-chul Kim, Jang-hoon Seo, Hee-chul Kim, Kyung-hoon Min","South Korea","March 23, 2021",2021,TV-14,"6 Seasons","International TV Shows, Korean TV Shows, Stand-Up Comedy & Talk Shows","Male celebs play make-believe as high schoolers, welcoming star transfer students every week and engaging in battles of witty humor and slapstick."
s1355,"TV Show",Heartland,,"Amber Marshall, Michelle Morgan, Graham Wardle, Shaun Johnston, Chris Potter, Jessica Amlee, Kerry James, Nathaniel Arcand",Canada,"February 1, 2021",2019,TV-14,"13 Seasons","TV Dramas","Spunky teenager Amy is reeling from the sudden death of her mother when she and her grandfather are threatened with the loss of their horse ranch."
s1363,"TV Show","Total Drama",,"Cle Bennett, Christian Potenza, Scott McCord, Rachel Wilson, Drew Nelson, Stephanie Anne Mills, Novie Edwards, Megan Fahlenbock, Brian Foud, Emilie-Claire Barlow, Phillip David Lewis, Katie Crown, Sarah Gadon, Peter Oldring, Kristin Fairlie, Dan Petronijevic, Adam Greydon Reid","Canada, United States, France","February 1, 2021",2015,TV-PG,"7 Seasons","Kids' TV, TV Comedies","Heartwarming moments are interspersed with backstabbing, scheming, sabotage and broken alliances in this animated spoof of reality show competitions."
s1481,"TV Show","Still Game",,"Ford Kiernan, Paul Riley, Jane McCarry, Greg Hemphill, Mark Cox, Gavin Mitchell, Sanjeev Kohli","United Kingdom","December 30, 2020",2018,TV-14,"9 Seasons","British TV Shows, Classic & Cult TV, International TV Shows","Scottish pensioners Jack and Victor make the most of their golden years, getting themselves into all kinds of scrapes in their Glasgow suburb."
s1623,"TV Show","Stargate SG-1",,"Richard Dean Anderson, Michael Shanks, Amanda Tapping, Christopher Judge, Don S. Davis, Corin Nemec, Ben Browder, Beau Bridges, Gary Jones","United States, Canada","December 1, 2020",2006,TV-MA,"10 Seasons","Classic & Cult TV, TV Action & Adventure, TV Sci-Fi & Fantasy","Stargate Command roars into action when Jack O'Neill and his crew find a Stargates map that lets them combat alien maneuvers all across the galaxy."
s1640,"TV Show","Heartbreak High",,"Callan Mulvey, Lara Cox, Emma Roche, Ada Nicodemou, Rel Hunt, Putu Winchester, Salvatore Coco, Barbara Gouskos, Ivar Kants, Stephen O'Rourke, Abi Tucker, Scott Major, Corey Page, Despina Caldis, Deni Gordon, Jon Pollard, Vince Poletto, Andrea Moor, Jeremy Lindsay Taylor, Doris Younane, Tony Martin, Sebastian Goldspink, Katherine Halliday, Marcel Bracks, Nina Liu, Morna Seres, Nathalie Roy, Rebecca Smart, Fleur Beaupert, Alex Dimitriades, Tina Bursill, Peter Sumner, Mario Gamma, Tai Nguyen, Inge Hornstra, Rupert Reid, John Walton, Nick Lathouris, Hugh Baldwin, Sarah Lambert, Jan Adele, Diane Craig, Ian Bliss, Alexandra Brunning, Kym Wilson, Isabella Gutierrez, Simon Baker",Australia,"November 27, 2020",1999,TV-14,"7 Seasons","International TV Shows, TV Dramas, Teen TV Shows","A crash course on the turbulence of being a teen is always on the schedule for the students at Hartley High School in this 1990s series set in Sydney."
s1702,"TV Show","American Horror Story",,"Evan Peters, Sarah Paulson, Jessica Lange, Denis O'Hare, Kathy Bates, Angela Bassett, Lily Rabe, Frances Conroy, Cheyenne Jackson, Emma Roberts, Taissa Farmiga, Wes Bentley, Finn Wittrock, Chloe Sevigny, Zachary Quinto, Jamie Brewer, Naomi Grossman, Dylan McDermott, Gabourey Sidibe, Lady Gaga, Mare Winningham, Joseph Fiennes, Michael Chiklis, Matt Bomer, Lizzie Brochere, Erika Ervin, Mat Fraser, Rose Siggins, Connie Britton, James Cromwell, Adina Porter, Jyoti Amge, Billie Lourde, Alison Pill, Billy Eichner, Leslie Grossman, Colton Haynes, Cuba Gooding Jr., Andre Holland, Danny Huston","United States","November 13, 2020",2019,TV-MA,"9 Seasons","TV Horror, TV Mysteries, TV Thrillers","This twisted Emmy-winning drama plays upon the power of supernatural fears and everyday horrors, exploring humankind's unsettling capacity for evil."
s1751,"TV Show","Dawson's Creek",,"James Van Der Beek, Katie Holmes, Michelle Williams, Joshua Jackson, Kerr Smith, Meredith Monroe, Busy Philipps, Mary Beth Peil","United States","November 1, 2020",2002,TV-14,"6 Seasons","Romantic TV Shows, TV Dramas, Teen TV Shows","This nighttime soap about a group of close-knit teens frankly depicts the issues of adolescence that obsess young adults, including sex, sex and sex."
s1760,"TV Show","LEGO Ninjago: Masters of Spinjitzu",,"Vincent Tong, Jillian Michaels, Ian James Corlett, John Novak, Paul Dobson, Michael Adamthwaite, Kelly Metzger, Brent Miller, Kirby Morrow, Brian Drummond, Mark Oliver, Michael Kopsa","Denmark, Singapore, Canada, United States","November 1, 2020",2019,TV-Y7,"10 Seasons","Kids' TV","Kai, Jay, Cole and Zane must master their elemental powers and Spinjitzu weapons to protect the land of Ninjago, which also has an underworld."
s1780,"TV Show","Marvel's Agents of S.H.I.E.L.D.",,"Clark Gregg, Ming-Na Wen, Brett Dalton, Chloe Bennet, Iain De Caestecker, Elizabeth Henstridge, Adrianne Palicki, Luke Mitchell, Henry Simmons","United States","October 30, 2020",2020,TV-14,"7 Seasons","TV Action & Adventure, TV Sci-Fi & Fantasy","Agent Phil Coulson, seen in action in Marvel's The Avengers, assembles a team of top S.H.I.E.L.D. agents to investigate bizarre threats."
s1879,"TV Show","The 100",,"Eliza Taylor, Paige Turco, Bob Morley, Marie Avgeropoulos, Christopher Larkin, Henry Ian Cusick, Isaiah Washington, Lindsey Morgan, Devon Bostick, Richard Harmon, Ricky Whittle, Jarod Joseph, Chelsey Reist, Sachin Sahel, Adina Porter","United States, Canada","October 8, 2020",2020,TV-MA,"7 Seasons","TV Action & Adventure, TV Dramas, TV Sci-Fi & Fantasy","A century after Earth was devastated by a nuclear apocalypse, 100 space station residents are sent to the planet to determine whether it's habitable."
s1934,"TV Show",Wentworth,,"Danielle Cormack, Nicole da Silva, Kate Atkinson, Celia Ireland, Shareena Clanton, Aaron Jeffery, Robbie Magasiva, Katrina Milosevic, Jacqueline Brennan, Ra Chapman, Pamela Rabe, Sigrid Thornton, Socratis Otto, Bernard Curry, Tammy MacIntosh, Kate Jenkinson",Australia,"September 30, 2020",2020,TV-MA,"8 Seasons","Crime TV Shows, TV Dramas","Bea Smith is locked up while awaiting trial for the alleged attempted murder of her husband and must learn how life works in prison."
s1981,"TV Show","The Blacklist",,"James Spader, Megan Boone, Diego Klattenhoff, Ryan Eggold, Harry Lennix, Amir Arison, Hisham Tawfiq, Mozhan Marno","United States","September 18, 2020",2019,TV-14,"7 Seasons","Crime TV Shows, TV Dramas, TV Thrillers","After turning himself in, a brilliant fugitive offers to help the FBI bag other baddies, but only if rookie profiler Elizabeth Keen is his partner."
s1999,"TV Show","Call the Midwife","Philippa Lowthorpe","Vanessa Redgrave, Bryony Hannah, Helen George, Jenny Agutter, Pam Ferris, Laura Main, Judy Parfitt, Cliff Parisi, Stephen McGann, Ben Caplan, Miranda Hart, Jessica Raine, Max Macmillan, Victoria Yeates, Jack Ashton, Emerald Fennell, Linda Bassett","United Kingdom","September 15, 2020",2020,TV-MA,"9 Seasons","British TV Shows, International TV Shows, TV Dramas","This period drama set in impoverished East London in the 1950s follows a newly qualified midwife and her colleagues at a nursing convent."
s2010,"TV Show",Girlfriends,,"Tracee Ellis Ross, Golden Brooks, Persia White, Jill Marie Jones, Reginald C. Hayes","United States","September 11, 2020",2007,TV-14,"8 Seasons","TV Comedies","Four close friends in Los Angeles challenge and support each other through life's triumphs and disasters. Sophisticated, relatable and always funny."
s2074,"TV Show","Sister, Sister",,"Tia Mowry-Hardrict, Jackee Harry, Tamera Mowry-Housley, Tim Reid, Marques Houston, RonReaco Lee, Deon Richmond","United States","September 1, 2020",1998,TV-PG,"6 Seasons","TV Comedies, Teen TV Shows","Separated at birth, twin sisters Tia Landry and Tamera Campbell reunite after 14 years and soon move in together, blending families and personalities."
s2174,"TV Show",Moesha,,"Brandy Norwood, William Allen Young, Sheryl Lee Ralph, Countess Vaughn, Lamont Bentley, Shar Jackson, Marcus T. Paulk, Yvette Wilson","United States","August 1, 2020",2000,TV-PG,"6 Seasons","TV Comedies, Teen TV Shows","Navigating the twists and firsts of high school, Moesha juggles friendships, romance and the occasional drama while trying to keep her family together."
s2204,"TV Show","Shameless (U.S.)",,"William H. Macy, Emmy Rossum, Justin Chatwin, Cameron Monaghan, Jeremy Allen White, Shanola Hampton, Steve Howey, Ethan Cutkosky, Emma Kenney, Laura Wiggins, Joan Cusack","United States","July 26, 2020",2019,TV-MA,"10 Seasons","TV Comedies, TV Dramas","This dramedy based on a British series centers on siblings in a dysfunctional Chicago family who struggle while coping with their alcoholic father."
s2294,"TV Show","Cable Girls",,"Blanca Suarez, Nadia de Santiago, Ana Fernandez, Maggie Civantos, Ana Polvorosa, Yon Gonzalez, Martino Rivas, Nico Romero, Borja Luna, Sergio Mur, Concha Velasco, Antonio Velazquez, Ernesto Alterio, Ira del Rio, Angela Cremonte, Andrea Carballo",Spain,"July 3, 2020",2019,TV-MA,"6 Seasons","International TV Shows, Romantic TV Shows, Spanish-Language TV Shows","In 1920s Madrid, four women at the National Telephone Company ring in revolution as they manage romance, friendship and the modern workplace."
s2391,"TV Show","How to Get Away with Murder",,"Viola Davis, Billy Brown, Alfred Enoch, Jack Falahee, Katie Findlay, Aja Naomi King, Matt McGorry, Karla Souza, Charlie Weber, Liza Weil","United States","June 13, 2020",2020,TV-14,"6 Seasons","Crime TV Shows, TV Dramas, TV Mysteries","Brilliant criminal defense attorney and law professor Annalise Keating, plus five of her students, become involved in a twisted murder case."
s2424,"TV Show",Supernatural,"Phil Sgriccia","Jared Padalecki, Jensen Ackles, Mark Sheppard, Misha Collins, Jim Beaver, Andrea Menard, Samantha Smith, Mark Pellegrino, Alexander Calvert","United States, Canada","June 5, 2020",2019,TV-14,"15 Seasons","Classic & Cult TV, TV Action & Adventure, TV Horror","Siblings Dean and Sam crisscross the country, investigating paranormal activity and picking fights with demons, ghosts and monsters."
s2516,"TV Show","Patriot Act with Hasan Minhaj",,"Hasan Minhaj","United States","May 17, 2020",2020,TV-MA,"6 Seasons","Stand-Up Comedy & Talk Shows, TV Comedies","Every Sunday, Hasan Minhaj brings an incisive and nuanced perspective to global news, politics and culture in his unique comedy series."
s2524,"TV Show","Madam Secretary",,"Tea Leoni, Tim Daly, Bebe Neuwirth, Zeljko Ivanek, Erich Bergen, Patina Miller, Geoffrey Arend, Kathrine Herzer, Evan Roe, Wallis Currie-Wood","United States","May 15, 2020",2019,TV-PG,"6 Seasons","TV Dramas","When a highly capable woman becomes secretary of state, she struggles to find balance between the demands of world politics and those of her family."
s2600,"TV Show","El senor de los Cielos",,"Rafael Amaya, Ximena Herrera, Robinson Diaz, Raul Mendez, Gabriel Porras, Carmen Villalobos, Mauricio Ochmann, Fernanda Castillo, Marlene Favela, Carmen Aub, Maritza Rodriguez","United States, Mexico, Colombia","April 30, 2020",2019,TV-MA,"7 Seasons","Crime TV Shows, International TV Shows, Spanish-Language TV Shows","Only Aurelio Casillas can fill Pablo Escobar's shoes and become Mexico's biggest drug trafficker of the '90s."
s2719,"TV Show",Community,,"Ken Jeong, Jim Rash, Donald Glover, Joel McHale, Gillian Jacobs, Danny Pudi, Alison Brie, Chevy Chase, Yvette Nicole Brown","United States","April 1, 2020",2015,TV-14,"6 Seasons","TV Comedies","When his degree is found bogus, lawyer Jeff Winger is sent back to college, where he meets students and teachers with credentials as dubious as his."
s2741,"TV Show","Saint Seiya",,"Toru Furuya, Hirotaka Suzuoki, Ryo Horikawa, Koichi Hashimoto, Hideyuki Hori, Keiko Han, Yuriko Yamamoto, Kohei Miyauchi, Mami Koyama",Japan,"April 1, 2020",1986,TV-14,"6 Seasons","Anime Series","A band of young warriors in magical armor vow to defend the reincarnation of Greek goddess Athena against evil forces and to return her to the throne."
s2948,"TV Show",Arrow,"James Bamford","Stephen Amell, Katie Cassidy, David Ramsey, Willa Holland, Paul Blackthorne, Emily Bett Rickards, John Barrowman, Colton Haynes, Susanna Thompson, Anna Hopkins, Juliana Harkavy, Adrian Holmes, Kathleen Gati, Echo Kellum, Rick Gonzalez, Dominic Bogart, Manu Bennett","United States","February 5, 2020",2019,TV-14,"8 Seasons","Crime TV Shows, TV Action & Adventure","Based on DC Comics' Green Arrow, an affluent playboy becomes a vengeful superhero, saving the city from villains armed with just a bow and arrows."
s2995,"TV Show","The Ranch",,"Ashton Kutcher, Sam Elliott, Debra Winger, Elisha Cuthbert, Kelli Goss, Wilmer Valderrama, Danny Masterson","United States","January 24, 2020",2020,TV-MA,"8 Seasons","TV Comedies, TV Dramas","Being a pro athlete didn't pan out for Colt. Now he's helping his dad and brother keep the ranch afloat, and figuring out how he fits into the family."
s3109,"TV Show","Private Practice",,"Kate Walsh, Tim Daly, Audra McDonald, Paul Adelstein, Taye Diggs, Amy Brenneman, KaDee Strickland, Chris Lowell, Brian Benben","United States","December 22, 2019",2012,TV-14,"6 Seasons","TV Comedies, TV Dramas","At Oceanside Wellness Center, Dr. Addison Montgomery deals with competing personalities in the new world of holistic medicine."
s3248,"TV Show","Trolls: The Beat Goes On!",,"Amanda Leighton, Skylar Astin, Ron Funches, David Fynn, David Koechner, David Kaye, Sean T. Krishnan, Sam Lerner, Patrick Pinney, Kevin Michael Richardson, Kari Wahlgren, Fryda Wolff","United States","November 22, 2019",2019,TV-Y7,"8 Seasons","Kids' TV, TV Comedies","As Queen Poppy welcomes a new time of peace in Troll Village with parties, sports and holiday celebrations, Branch tries to be more fun-loving."
s3370,"TV Show","BoJack Horseman",,"Will Arnett, Aaron Paul, Amy Sedaris, Alison Brie, Paul F. Tompkins","United States","October 25, 2019",2020,TV-MA,"6 Seasons","TV Comedies","Meet the most beloved sitcom horse of the '90s, 20 years later. He?s a curmudgeon with a heart of...not quite gold...but something like gold. Copper?"
s3542,"TV Show",Naruto,"Hayato Date","Junko Takeuchi, Chie Nakamura, Noriaki Sugiyama, Kazuhiko Inoue, Toshihiko Seki, Hidekatsu Shibata, Masako Katsuki, Nana Mizuki",Japan,"September 1, 2019",2006,TV-14,"9 Seasons","Anime Series, International TV Shows","Guided by the spirit demon within him, orphaned Naruto learns to harness his powers as a ninja in this anime adventure series."
s3654,"TV Show","Comedians in Cars Getting Coffee","Jerry Seinfeld","Jerry Seinfeld","United States","July 19, 2019",2019,TV-14,"6 Seasons","Stand-Up Comedy & Talk Shows, TV Comedies","Jerry Seinfeld's roving talk show combines coffee, laughs and vintage cars into quirky, caffeine-fueled adventures with the sharpest minds in comedy."
s3928,"TV Show","New Girl",,"Zooey Deschanel, Jake Johnson, Max Greenfield, Hannah Simone, Lamorne Morris, Damon Wayans Jr.","United States","April 11, 2019",2018,TV-14,"7 Seasons","Romantic TV Shows, TV Comedies","Still rebounding from a breakup, Jessica Day moves in with three single guys, all of whom are ready to help her understand the ways of the world."
s3944,"TV Show","Spirit: Riding Free",,"Amber Frank, Sydney Park, Bailey Gambertoglio, Darcy Rose Byrnes, Nolan North, Kari Wahlgren, Andy Pessoa, Tiya Sircar, Jonathan Craig WIlliams, Robert Knepper","United States","April 5, 2019",2019,TV-Y7,"8 Seasons","Kids' TV","In a small Western town, spunky ex-city girl Lucky forms a tight bond with wild horse Spirit while having adventures with best pals Pru and Abigail."
s4085,"TV Show","Chef's Table",,,"United States","February 22, 2019",2019,TV-MA,"6 Seasons","Docuseries, Reality TV","In this Emmy-nominated docuseries, find out what's inside the kitchens and minds of the international culinary stars who are redefining gourmet food."
s4221,"TV Show","COMEDIANS of the world",,"Neal Brennan, Chris D'Elia, Nicole Byer, Nick Swardson, DeAnne Smith, Ivan Decker, Dave Merheje, K. Trevor Wilson, Joel Dommett, Mae Martin, Nish Kumar, Ellie Taylor, Urzila Carlson, Joel Creasey, Nazeem Hussain, Cal Wilson, Riaad Moosa, Tumi Morake, Loyiso Gola, Loyiso Madinga, Atul Khatri, Aditi Mittal, Amit Tandon, Franco Escamilla, Hugo El Cojo Feliz, Gaby Llanas, Enissa Amani, Ilka Bessin, Kaya Yanar, Thiago Ventura, Mhel Merrer, Afonso Padilha, Shirley Souagnon, Jason Brokerss, Tania Dutel, Donel Jack'sman, Ibraheem Alkhairallah, Rawsan Hallak, Adi Khalefa, Moayad Alnefaie, Louis-Jose Houde, Francois Bellefeuille, Katherine Levac, Adib Alkhalidey, Martijn Koning, Soundos El Ahmadi, Rayen Panday","United States","January 1, 2019",2019,TV-MA,"13 Seasons","Stand-Up Comedy & Talk Shows, TV Comedies","This global stand-up comedy series features a diverse set of comics from 13 regions bringing their perspectives on what's funny around the world."
s4312,"TV Show","Voltron: Legendary Defender",,"Jeremy Shada, Tyler Labine, Bex Taylor-Klaus, Josh Keaton, Steven Yeun, Kimberly Brooks, Rhys Darby, A.J. LoCascio","United States","December 14, 2018",2018,TV-Y7,"8 Seasons","Kids' TV","In an all-new series, five unlikely heroes and their flying robot lions unite to form the megapowerful Voltron and defend the universe from evil."
s4414,"TV Show",Kopitiam,,"Joanna Bessey, Douglas Lim, Lina Teoh, Rashid Salleh, Mano Maniam, Tan Jin Chor",Malaysia,"November 3, 2018",2003,TV-14,"7 Seasons","International TV Shows, TV Comedies","A young woman returns to Malaysia to take over her father?s old coffee shop. Along with inheriting the Kopitiam, she gains a kooky group of friends."
s4748,"TV Show","Kath and Kim",,"Jane Turner, Gina Riley, Glenn Robbins, Peter Rowsthorn, Magda Szubanski",Australia,"July 28, 2018",2007,TV-MA,"6 Seasons","TV Comedies","As Kath prepares to wed fine-meats purveyor Kel, her daughter Kim moves back home after becoming disillusioned with her two-month marriage to Brett."
s4799,"TV Show",NCIS,,"Mark Harmon, Michael Weatherly, Pauley Perrette, David McCallum, Sean Murray, Cote de Pablo, Brian Dietzen, Rocky Carroll, Lauren Holly, Sasha Alexander, Joe Spano, Alan Dale, Emily Wickersham, Pancho Demmings","United States","July 1, 2018",2017,TV-14,"15 Seasons","Crime TV Shows, TV Dramas, TV Mysteries","Follow the quirky agents of the NCIS ? the Naval Criminal Investigative Service ? as they track down terrorists and other high-profile criminals."
s4947,"TV Show","Star Trek: The Next Generation",,"Patrick Stewart, Jonathan Frakes, LeVar Burton, Michael Dorn, Marina Sirtis, Brent Spiner, Gates McFadden, Majel Barrett, Wil Wheaton","United States","April 2, 2018",1993,TV-PG,"7 Seasons","TV Action & Adventure, TV Sci-Fi & Fantasy","Decades after the adventures of the original Enterprise crew, Capt. Jean-Luc Picard leads a new Enterprise on missions to explore unknown worlds."
s4965,"TV Show","Trailer Park Boys",,"Mike Smith, John Paul Tremblay, Robb Wells, John Dunsworth, Patrick Roach, Cory Bowles, Lucy Decoutere, Barrie Dunn, Sarah Dunsworth, Jeanna Harrison, Michael Jackson, Garry James, Tyrone Parsons, Shelley Thompson, Jonathan Torrens",Canada,"March 30, 2018",2018,TV-MA,"12 Seasons","Classic & Cult TV, Crime TV Shows, International TV Shows","Follow the booze-fueled misadventures of three longtime pals and petty serial criminals who run scams from their Nova Scotia trailer park."
s5036,"TV Show","Dragons: Race to the Edge",,"Jay Baruchel, America Ferrera, T.J. Miller, Christopher Mintz-Plasse, Andree Vermeulen, Zack Pearlman","United States","February 16, 2018",2018,TV-Y7,"6 Seasons","Kids' TV, TV Action & Adventure","From the creators of "How to Train Your Dragon"" comes an all-new Netflix original series that takes Hiccup and Toothless to the edge of adventure!""
s5055,"TV Show","Under Arrest","Dan Forrer",,"United States","February 1, 2018",2016,TV-MA,"8 Seasons","Crime TV Shows, Docuseries, International TV Shows","Cameras follow police officers as they solve crimes, assist the public and arrest lawbreakers in this reality series."
s5064,"TV Show","The Adventures of Puss in Boots",,"Eric Bauza, Jayma Mays, Grey DeLisle, Paul Rugg, Joshua Rush, Candi Milo, Laraine Newman","United States","January 26, 2018",2018,TV-Y7,"6 Seasons","Kids' TV, TV Comedies","The world's greatest feline fighter, lover and milk connoisseur takes on daring adventures in exotic locations in this family-friendly comedy series."
s5166,"TV Show",Longmire,,"Robert Taylor, Katee Sackhoff, Lou Diamond Phillips, Bailey Chase, Cassidy Freeman, Adam Bartley, Louanne Stephens","United States","November 17, 2017",2017,TV-MA,"6 Seasons","Crime TV Shows, TV Dramas","This contemporary crime thriller focuses on a Wyoming sheriff who's rebuilding his life and career following the death of his wife."
s5181,"TV Show","Project Mc2",,"Mika Abdalla, Genneya Walton, Victoria Vida, Ysa Penarejo, Belle Shouse, Alyssa Lynch, Danica McKellar, Maddie Phillips, Sarah Desjardins","United States","November 7, 2017",2017,TV-G,"6 Seasons","Kids' TV","Teenage spy McKeyla teams up with three other super-smart girls to become secret agents who use their science and tech skills to save the day."
s5222,"TV Show","West Coast Customs",,"Ryan Friedlinghaus, Hunter Clancey","United States","October 15, 2017",2015,TV-G,"6 Seasons","Docuseries, Reality TV","West Coast Customs, a mecca for well-heeled car lovers, stars as their team creates some of the most luxurious, outrageous vehicles on the planet."
s5246,"TV Show","Star Trek: Voyager",,"Kate Mulgrew, Robert Beltran, Roxann Dawson, Jennifer Lien, Robert Duncan McNeill, Ethan Phillips, Robert Picardo, Tim Russ, Jeri Ryan, Garrett Wang, Tarik Ergin","United States","October 1, 2017",2000,TV-PG,"7 Seasons","TV Action & Adventure, TV Sci-Fi & Fantasy","On Voyager's 75-year journey back to Earth, the crew members encounter unknown species as they draw closer to a mysterious quadrant of space."
s5275,"TV Show",Offspring,,"Asher Keddie, Kat Stewart, Richard Davies, Linda Cropper, Jane Harber, Alicia Gardiner, Lachy Hulme, Eddie Perfect, Deborah Mailman, John Waters",Australia,"September 13, 2017",2017,TV-MA,"7 Seasons","TV Comedies, TV Dramas","A Melbourne obstetrician in her thirties struggles with the increasingly chaotic family, romantic and professional aspects of her life in this drama."
s5288,"TV Show","The Vampire Diaries",,"Nina Dobrev, Paul Wesley, Ian Somerhalder, Steven R. McQueen, Sara Canning, Kat Graham, Candice King, Zach Roerig, Michael Trevino, Matthew Davis, Joseph Morgan","United States","September 4, 2017",2016,TV-14,"8 Seasons","TV Dramas, TV Mysteries, TV Sci-Fi & Fantasy","Trapped in adolescent bodies, feuding vampire brothers Stefan and Damon vie for the affection of captivating teenager Elena."
s5413,"TV Show","Criminal Minds",,"Mandy Patinkin, Joe Mantegna, Thomas Gibson, Shemar Moore, Matthew Gray Gubler, Kirsten Vangsness, A.J. Cook, Paget Brewster, Lola Glaudini, Jennifer Love Hewitt, Jeanne Tripplehorn","United States, Canada","June 30, 2017",2017,TV-14,"12 Seasons","Crime TV Shows, TV Dramas, TV Mysteries","This intense police procedural follows a group of extraordinary FBI profilers who spend their days getting into the minds of psychopathic criminals."
s5651,"TV Show","Star Trek: Deep Space Nine",,"Avery Brooks, Nana Visitor, Rene Auberjonois, Cirroc Lofton, Alexander Siddig, Colm Meaney, Armin Shimerman, Terry Farrell, Michael Dorn","United States","January 1, 2017",1999,TV-14,"7 Seasons","TV Action & Adventure, TV Sci-Fi & Fantasy","In this "Star Trek"" spin-off"
s5804,"TV Show","Forensic Files",,"Peter Thomas","United States","September 1, 2016",2011,TV-MA,"9 Seasons","Crime TV Shows, Docuseries, Science & Nature TV","Detectives and crime lab technicians use the latest and most fascinating procedures to solve crimes in this documentary-style show."
s5909,"TV Show","Danger Mouse: Classic Collection",,"David Jason, Terry Scott, Edward Kelsey, Brian Trueman","United Kingdom","June 15, 2015",1992,TV-Y,"10 Seasons","British TV Shows, Kids' TV, TV Comedies","Follow the adventures of superspy Danger Mouse and his bumbling sidekick, Penfold, as they jet around the world foiling their enemies' evil plots."
s6457,"TV Show",Cheers,,"Ted Danson, Rhea Perlman, George Wendt, John Ratzenberger, Shelley Long, Kirstie Alley, Woody Harrelson, Kelsey Grammer, Nicholas Colasanto","United States"," July 1, 2017",1992,TV-PG,"11 Seasons","Classic & Cult TV, TV Comedies","Sam Malone, an ex-baseball player turned bar owner, operates a saloon that's always filled with quirky customers and even more eccentric staff."
s6505,"TV Show","Club Friday The Series 6",,"Puttichai Kasetsin, Kongtoranin Lalana, Preechaya Pongthananikorn",,"March 9, 2019",2015,TV-MA,"9 Seasons","International TV Shows, Romantic TV Shows, TV Dramas","Based on a Thai radio show that gives love advice to callers, this series dramatizes stories of infidelity, love triangles, sexual identity and more."
s6506,"TV Show","Club Friday The Series 7",,"Sornram Tappituk, Amy Amika Klinprathum, Tanya Liyah, Shaun Jindachote, Four Sakolrat Wornurai, Toomtam Yuthana Puengklarng, Monchanok Saengchaipiangpen, Nat Myria Benedetti, Oil Thana Suttikamul, View Wannarot Sontichai, Pimthong Washirakom",,"June 18, 2018",2016,TV-MA,"7 Seasons","International TV Shows, Romantic TV Shows, TV Dramas","More confessional tales of love and heartbreak play out in this next installment of the popular Thai TV series based on a real-life call-in radio show."
s6507,"TV Show","Club Friday The Series 8",,"Chutavuth Pattarakampol, Focus Jirakul, Sattaphong Phiangphor, Toni Rakkaen, Paula Taylor, Virithipa Phakdeeprasong, Pakkaramai Potranan",,"February 2, 2019",2017,TV-MA,"8 Seasons","International TV Shows, Romantic TV Shows, TV Comedies","The eighth installment of this popular Thai series, based on a real-life call-in radio show, dramatizes personal stories of romance and heartbreak."
s6550,"TV Show","Dad's Army",,"Arthur Lowe, John Le Mesurier, Clive Dunn, John Laurie, Arnold Ridley, Ian Lavender, James Beck, Bill Pertwee","United Kingdom"," March 31, 2018",1977,TV-PG,"10 Seasons","British TV Shows, Classic & Cult TV, TV Comedies","This beloved sitcom follows the unlikely heroes of the volunteer British Home Guard as they prepare for German invasion in World War II."
s6604,"TV Show",Dexter,,"Michael C. Hall, Jennifer Carpenter, David Zayas, James Remar, C.S. Lee, Lauren Velez, Desmond Harrington, Julie Benz, Christina Robinson, Geoff Pierson","United States"," January 1, 2018",2013,TV-MA,"8 Seasons","Crime TV Shows, TV Dramas, TV Mysteries","By day, mild-mannered Dexter is a blood-spatter analyst for the Miami police. But at night, he is a serial killer who only targets other murderers."
s6743,"TV Show","Father Brown","Ian Barber","Mark Williams, Sorcha Cusack, Nancy Carroll, Alex Price, Hugo Speer, Tom Chambers, Keith Osborn","United Kingdom"," March 31, 2018",2017,TV-14,"6 Seasons","British TV Shows, Crime TV Shows, TV Dramas","A modest, compassionate priest doubles as an effective crime solver in this series based on the short stories by G.K. Chesterton."
s6796,"TV Show",Frasier,,"Kelsey Grammer, Jane Leeves, David Hyde Pierce, Peri Gilpin, John Mahoney, Dan Butler","United States",,2003,TV-PG,"11 Seasons","Classic & Cult TV, TV Comedies","Frasier Crane is a snooty but lovable Seattle psychiatrist who dispenses advice on his call-in radio show while ignoring it in his own relationships."
s6807,"TV Show",Friends,,"Jennifer Aniston, Courteney Cox, Lisa Kudrow, Matt LeBlanc, Matthew Perry, David Schwimmer","United States",,2003,TV-14,"10 Seasons","Classic & Cult TV, TV Comedies","This hit sitcom follows the merry misadventures of six 20-something pals as they navigate the pitfalls of work, life and love in 1990s Manhattan."
s6886,"TV Show","Gossip Girl",,"Blake Lively, Leighton Meester, Penn Badgley, Chace Crawford, Ed Westwick, Kelly Rutherford, Matthew Settle, Taylor Momsen, Jessica Szohr, Zuzanna Szadkowski, Connor Paolo","United States"," October 8, 2013",2012,TV-14,"6 Seasons","TV Dramas, Teen TV Shows","A group of hyperprivileged Manhattan private-school kids seem to get away with everything. Except an anonymous blogger is watching their every move."
s7369,"TV Show","Mad Men",,"Jon Hamm, Elisabeth Moss, Vincent Kartheiser, January Jones, Christina Hendricks, Aaron Staton, Rich Sommer, John Slattery, Kiernan Shipka, Robert Morse, Michael Gladis, Christopher Stanley, Bryan Batt, Jared Harris, Jessica Pare, Alison Brie, Jay R. Ferguson, Ben Feldman, Mark Moses, Alexa Alemanni, Julie McNiven","United States"," March 22, 2015",2014,TV-14,"7 Seasons","TV Dramas","Set in 1960s New York City, this award-winning series takes a peek inside an ad agency during an era when the cutthroat business had a glamorous lure."
s7629,"TV Show","Nurse Jackie",,"Edie Falco, Merritt Wever, Paul Schulze, Peter Facinelli, Stephen Wallem, Eve Best, Dominic Fumusa, Ruby Jerins, Anna Deavere Smith","United States"," December 31, 2015",2015,TV-MA,"7 Seasons","TV Comedies, TV Dramas","A flawed but dedicated ER nurse works in a New York City hospital and relies on pain meds to get through exhausting days in this Emmy-winning show."
s7710,"TV Show","Parks and Recreation",,"Amy Poehler, Rashida Jones, Aziz Ansari, Nick Offerman, Aubrey Plaza, Chris Pratt, Jim O'Heir, Retta, Adam Scott, Rob Lowe, Paul Schneider","United States"," January 13, 2016",2015,TV-14,"7 Seasons","TV Comedies","In this Emmy-nominated comedy, an employee with a rural Parks and Recreation department is full of energy and ideas but bogged down by bureaucracy."
s7757,"TV Show",Portlandia,,"Fred Armisen, Carrie Brownstein","United States","September 25, 2019",2018,TV-14,"8 Seasons","TV Comedies","Fred Armisen and Carrie Brownstein send up the residents of Portland, Ore. Typical targets include artisanal light bulbs and feminist bookstores."
s7848,"TV Show","Red vs. Blue",,"Burnie Burns, Jason Saldana, Gustavo Sorola, Geoff Lazer Ramsey, Joel Heyman, Matt Hullum, Dan Godwin, Kathleen Zuelch, Yomary Cruz, Nathan Zellner","United States",,2015,NR,"13 Seasons","TV Action & Adventure, TV Comedies, TV Sci-Fi & Fantasy","This parody of first-person shooter games, military life and science-fiction films centers on a civil war fought in the middle of a desolate canyon."
s7857,"TV Show","Republic of Doyle",,"Allan Hawco, Krystin Pellerin, Marthe Bernard, Mark O'Brien, Sean McGinley, Lynda Boyd, Bob Cole, Steve O'Connell, Sean Panting, Rachel Wilson",Canada,"May 28, 2020",2014,TV-14,"6 Seasons","Crime TV Shows, TV Comedies, TV Dramas","A pair of father and son private investigators tries to keep their combustible personal lives in check while tackling an intriguing array of cases."
s7897,"TV Show","Royal Pains","Jay Chandrasekhar","Mark Feuerstein, Paulo Costanzo, Reshma Shetty, Jill Flint, Campbell Scott, Brooke D'Orsay, Dieter Riesle","United States"," May 18, 2017",2016,TV-PG,"8 Seasons","TV Comedies, TV Dramas","Dr. Hank Lawson unexpectedly gets a career upgrade as a freelance physician treating New York's aristocratic upper crust in their posh Hamptons homes."
s7954,"TV Show",Scandal,,"Kerry Washington, Columbus Short, Darby Stanchfield, Katie Lowes, Guillermo Diaz, Joshua Malina, Jeff Perry, Bellamy Young, Tony Goldwyn, Scott Foley","United States"," May 19, 2018",2018,TV-14,"7 Seasons","Crime TV Shows, TV Dramas","A powerful team of Washington, D.C. lawyers makes scandals disappear while handling government crises and coping with problems of their own."
s8175,"TV Show","That '70s Show",,"Topher Grace, Mila Kunis, Ashton Kutcher, Danny Masterson, Laura Prepon, Wilmer Valderrama, Debra Jo Rupp, Kurtwood Smith, Don Stark, Tanya Roberts, Tommy Chong, Lisa Robin Kelly","United States"," November 1, 2017",2005,TV-14,"8 Seasons","TV Comedies","Feel groovy in 1970s suburbia, where a teen and his pals hang in the basement, listening to rock and indulging other hazy benefits of '70s culture."
s8190,"TV Show","The Andy Griffith Show",,"Andy Griffith, Ron Howard, Don Knotts, Frances Bavier, Howard McNear, Hope Summers","United States"," July 1, 2017",1967,TV-G,"8 Seasons","Classic & Cult TV, TV Comedies","Homespun humor and easygoing Sheriff Andy Taylor are at the center of this nostalgic look at Mayberry, a small town filled with lovable characters."
s8379,"TV Show","The L Word",,"Jennifer Beals, Leisha Hailey, Laurel Holloman, Mia Kirshner, Katherine Moennig, Pam Grier, Rachel Shelley, Daniela Sea, Erin Daniels, Marlee Matlin","Canada, United States"," March 20, 2018",2009,TV-MA,"6 Seasons","Romantic TV Shows, TV Dramas","This trailblazing series follows the tangled lives and ever-changing relationships among a close-knit group of lesbians who call Los Angeles home."
s8443,"TV Show","The Office (U.S.)",,"Steve Carell, John Krasinski, Jenna Fischer, Rainn Wilson, B.J. Novak, Ed Helms, Brian Baumgartner, David Denman, Creed Bratton, Kate Flannery, Mindy Kaling, Angela Kinsey, Paul Lieberstein, Oscar Nunez, Phyllis Smith","United States"," January 1, 2016",2012,TV-14,"9 Seasons","TV Comedies","This hit comedy chronicles the foibles of disgruntled office workers ? led by deluded boss Michael Scott ? at the Dunder Mifflin paper company."
s8558,"TV Show","The West Wing",,"Martin Sheen, Rob Lowe, Allison Janney, John Spencer, Bradley Whitford, Janel Moloney, Richard Schiff, Dule Hill, NiCole Robinson, Melissa Fitzgerald, Joshua Malina, Stockard Channing, Kim Webster, Kris Murphy, Timothy Davis-Reed","United States"," December 25, 2015",2005,TV-14,"7 Seasons","TV Dramas","This powerful political epic chronicles the triumphs and travails of White House senior staff under the administration of President Josiah Bartlet."
s8711,"TV Show",Weeds,,"Mary-Louise Parker, Hunter Parrish, Alexander Gould, Kevin Nealon, Justin Kirk, Elizabeth Perkins, Allie Grant, Andy Milder, Tonye Patano, Romany Malco","United States","April 1, 2014",2012,TV-MA,"8 Seasons","TV Comedies, TV Dramas","A suburban mother starts selling marijuana to her affluent neighbors so she can maintain her comfortable lifestyle after her husband's sudden death."
